USE db_project_2022;

DELETE FROM branch;
DELETE FROM phones;
DELETE FROM it_worker;
DELETE FROM worker;
DELETE FROM guide;
DELETE FROM languages;
DELETE FROM admin;
DELETE FROM manages;
DELETE FROM driver;
DELETE FROM log;
DELETE FROM trip;
DELETE FROM event;
DELETE FROM destination;
DELETE FROM travel_to;
DELETE FROM reservation;
DELETE FROM offer;
DELETE FROM reservation_offer;

INSERT INTO branch VALUES
	(1, 'Mitsou', 17, 'Athina'),
	(2, 'Papathemistokleous', 21, 'Thessaloniki'),
	(3, '25is Martiou', 25, 'Athina'),
	(4, '28is Oktovriou', 128, 'Patra'),
	(5, 'Omirou', 84, 'Thessaloniki'),
	(6, 'Thiseos', 64, 'Patra'),
	(7, 'Meg. Alexandrou', 32, 'Patra'),
	(8, 'Ikarou', 99, 'Athina'),
	(9, 'Trias', 3, 'Thessaloniki'),
	(10, 'Patras', 5, 'Patra');
	
INSERT INTO phones VALUES
	(1, '2100006403'),
	(2, '2310008201'),
	(3, '2100504010'),
	(4, '2610201011'),
	(5, '2310003011'),
	(6, '2610001160'),
	(7, '2610001128'),
	(8, '2100000100'),
	(9, '2310800141'),
	(10,'2610001110'),
	(2, '2316070113'),
	(8, '2100020118'),
	(5, '2313041000'),
	(7, '2610001111'),
	(3, '2100001021'),
	(1, '2108001014'),
	(6, '2610016000');
	
INSERT INTO worker VALUES
	('AA062003', 'Nikolaos', 'Hatzopoulos', 1050, 1),
	('AA007001', 'Georgios', 'Georgopoulos', 1600, 2),
	('AA006010', 'Konstantinos', 'Kostopoulos', 1400, 3),
	('AA000011', 'Emmanouil', 'Manolopoulos', 1600, 4),
	('AA900120', 'Panagiotis', 'Zoukos', 1250, 5),
	('AA070101', 'Sotirios', 'Beis', 1350, 6),
	('AA340110', 'Alexandra', 'Tsoliakou', 1100, 7),
	('AA000111', 'Michail', 'Bekiaris', 1700, 8),
	('AA001000', 'Maria', 'Nikolidaki', 1800, 9),
	('AA081001', 'Chrysi', 'Alexiou', 1150, 10),
	('AB001018', 'Dimitrios', 'Venizelos', 1200, 10),
	('AB001611', 'Aristeidis', 'Georgiou', 1800, 3),
	('AB041100', 'Eleftherios', 'Diamantidis', 1500, 1),
	('AB001101', 'Ilias', 'Pippis', 1750, 6),
	('AB001110', 'Argyro', 'Platara', 1750, 9),
	('AB001911', 'Vasileios', 'Stampolas', 1350, 7),
	('AB010001', 'Katerina', 'Hatzi', 1450, 5),
	('AB014010', 'Christos', 'Kousteris', 1650, 1),
	('AB010011', 'Evangelos', 'Kitsios', 1050, 5),
	('AB010190', 'Meletios', 'Kountemanis', 1550, 3),
	('AA010101', 'Antonios', 'Papasideris', 1650, 2),
	('AA290119', 'Sophia', 'Antonopoulou', 1900, 4),
	('AA010151', 'Aggeliki', 'Stefanopoulou', 1050, 6),
	('AA011000', 'Spyridon', 'Papageorgiou', 1550, 7),
	('AA011001', 'Stefanos', 'Fotopoulos', 1800, 8),
	('AA011510', 'Fotis', 'Iliopoulos', 1450, 9),
	('AA011051', 'Kyriakos', 'Papaleftheris', 1050, 10),
	('AA011109', 'Lambros', 'Benardis', 1350, 2),
	('AA011101', 'Thomas', 'Papadimitriou', 1000, 4),
	('AA011150', 'Dimosthenis', 'Makris', 1450, 8),
	('AB011111', 'Zacharias', 'Kastanis', 1450, 6),
	('AB190200', 'Anastasios', 'Papadopoulos', 1900, 1),
	('AB105001', 'Orestis', 'Saltas', 1250, 10),
	('AB100210', 'Stamatios', 'Valtas', 1450, 3),
	('AB107011', 'Grigorios', 'Filippis', 1350, 7),
	('AB100500', 'Petros', 'Papadimitriou', 1150, 1),
	('AB150101', 'Ioannis', 'Papagiannis', 1700, 10),
	('AB190110', 'Athanasios', 'Papandreou', 1000, 6),
	('AB105111', 'Andreas', 'Bravos', 1650, 7),
	('AB101020', 'Markos', 'Vasilopoulos', 1400, 8),
	('AA105001', 'Damianos', 'Ozinis', 1050, 1),
	('AA128010', 'Aris', 'Pavlopoulos', 1050, 2),
	('AA101017', 'Paschalis', 'Kitsios', 1050, 3),
	('AA121120', 'Ippokratis', 'Kardatos', 1050, 4),
	('AA101101', 'Stylianos', 'Pomonis', 1050, 5),
	('AA101180', 'Leonidas', 'Mexias', 1050, 6),
	('AA501211', 'Apostolos', 'Vordos', 1050, 7),
	('AA110000', 'Aristotelis', 'Violetis', 1050, 8),
	('AA810001', 'Charalambos', 'Koursos', 1050, 9),
	('AA120510', 'Achilleas', 'Sarris', 1050, 10),
	('AA116018', 'Stavros', 'Sotiriou', 1050, 10),
	('AA150100', 'Efstratios', 'Koufis', 1050, 1),
	('AA110121', 'Marios', 'Kikis', 1050, 6),
	('AA110510', 'Polyxeni', 'Tsakiri', 1050, 5),
	('AA210511', 'Magdalini', 'Pilili', 1050, 1);
	
INSERT INTO guide VALUES
	('AB014010', 'gui_cv_01'),
	('AB041100', 'gui_cv_02'),
	('AA007001', 'gui_cv_03'),
	('AB100210', 'gui_cv_04'),
	('AA000011', 'gui_cv_05'),
	('AA900120', 'gui_cv_06'),
	('AA070101', 'gui_cv_07'),
	('AA010151', 'gui_cv_08'),
	('AB001911', 'gui_cv_09'),
	('AB107011', 'gui_cv_10'),
	('AA011150', 'gui_cv_11'),
	('AB001110', 'gui_cv_12'),
	('AB001018', 'gui_cv_13');
	
INSERT INTO languages VALUES
	('AB014010', 'Greek'),
	('AA007001', 'Greek'),
	('AB100210', 'Greek'),
	('AA000011', 'Greek'),
	('AA900120', 'Greek'),
	('AA070101', 'Greek'),
	('AB001911', 'Greek'),
	('AA011150', 'Greek'),
	('AB001110', 'Greek'),
	('AB001018', 'Greek'),
	('AB041100', 'Greek'),
	('AA010151', 'Greek'),
	('AB107011', 'Greek'),
	('AB014010', 'English'),
	('AA007001', 'English'),
	('AB100210', 'English'),
	('AA000011', 'English'),
	('AA900120', 'English'),
	('AA070101', 'English'),
	('AB001911', 'German'),
	('AA011150', 'English'),
	('AB001110', 'English'),
	('AB001018', 'English'),
	('AB014010', 'Italian'),
	('AA007001', 'French'),
	('AB001110', 'French'),
	('AA011150', 'Italian'),
	('AA070101', 'German');
	
INSERT INTO admin VALUES
	('AB190200', 'ADMINISTRATIVE', 'adm_diploma_01'),
	('AA010101', 'ADMINISTRATIVE', 'adm_diploma_02'),
	('AB001611', 'ADMINISTRATIVE', 'adm_diploma_03'),
	('AB010190', 'ACCOUNTING', 'adm_diploma_04'),
	('AA290119', 'ADMINISTRATIVE', 'adm_diploma_05'),
	('AB010001', 'ADMINISTRATIVE', 'adm_diploma_06'),
	('AB001101', 'ADMINISTRATIVE', 'adm_diploma_07'),
	('AB011111', 'LOGISTICS', 'adm_diploma_08'),
	('AB105111', 'ADMINISTRATIVE', 'adm_diploma_09'),
	('AA011000', 'ACCOUNTING', 'adm_diploma_10'),
	('AA011001', 'ADMINISTRATIVE', 'adm_diploma_11'),
	('AA000111', 'LOGISTICS', 'adm_diploma_12'),
	('AA001000', 'ADMINISTRATIVE', 'adm_diploma_13'),
	('AB150101', 'ADMINISTRATIVE', 'adm_diploma_14'),
	('AB105001', 'ACCOUNTING', 'adm_diploma_15');
	
INSERT INTO manages VALUES
	('AB190200', 1),
	('AA010101', 2),
	('AB001611', 3),
	('AA290119', 4),
	('AB010001', 5),
	('AB001101', 6),
	('AB105111', 7),
	('AA011001', 8),
	('AA001000', 9),
	('AB150101', 10);
	
INSERT INTO driver VALUES
	('AB100500', 'D', 'ABROAD', 26),
	('AA062003', 'B', 'LOCAL', 2),
	('AA011109', 'C', 'ABROAD', 25),
	('AA006010', 'B', 'ABROAD', 28),
	('AA011101', 'D', 'ABROAD', 5),
	('AB010011', 'C', 'LOCAL', 4),
	('AB190110', 'B', 'ABROAD', 6),
	('AA340110', 'A', 'ABROAD', 18),
	('AB101020', 'B', 'ABROAD', 12),
	('AA011510', 'D', 'LOCAL', 17),
	('AA081001', 'A', 'ABROAD', 3),
	('AA011051', 'C', 'LOCAL', 5);
	
INSERT INTO trip VALUES
	(1, '2022-07-04 00:00:00', '2022-07-09 00:00:00', 64 , 1016.44, 1, 'AB014010', 'AB100500'),
	(2, '2022-09-15 00:00:00', '2022-09-25 00:00:00', 127, 2236.16, 2, 'AA007001', 'AA011109'),
	(3, '2022-12-22 00:00:00', '2022-12-27 00:00:00', 127, 1161.71, 3, 'AB100210', 'AA006010'),
	(4, '2022-04-10 00:00:00', '2022-04-15 00:00:00', 127, 1194.86, 4, 'AA000011', 'AA011101'),
	(5, '2022-08-15 00:00:00', '2022-08-30 00:00:00', 127, 1954.61, 5, 'AA900120', 'AB010011'),
	(6, '2022-10-01 00:00:00', '2022-10-15 00:00:00', 127, 2198.06, 6, 'AA070101', 'AB190110'),
	(7, '2022-05-05 00:00:00', '2022-05-10 00:00:00', 127, 967.03 , 7, 'AB001911', 'AA340110'),
	(8, '2022-07-15 00:00:00', '2022-07-25 00:00:00', 127, 2145.18, 8, 'AA011150', 'AB101020'),
	(9, '2022-12-28 00:00:00', '2023-01-02 00:00:00', 127, 1101.60, 2, 'AA007001', 'AA011109'),
	(10,'2022-08-01 00:00:00', '2022-08-06 00:00:00', 64 , 700.12, 10, 'AB001018', 'AA011051'),
	(11,'2022-08-01 00:00:00', '2022-08-06 00:00:00', 127, 1020.41, 8, 'AA011150', 'AB101020'),
	(12,'2022-06-01 00:00:00', '2022-06-06 00:00:00', 64 , 748.58, 9, 'AB001110', 'AA011510'),
	(13,'2022-09-01 00:00:00', '2022-09-06 00:00:00', 127, 1041.73, 2, 'AA007001', 'AA011109'),
	(14,'2022-02-01 00:00:00', '2022-02-06 00:00:00', 64 , 1184.59, 10, 'AB001018', 'AA081001'),
	(15,'2022-03-10 00:00:00', '2022-03-20 00:00:00', 127, 1304.92, 10, 'AB001018', 'AA011051'),
	(16,'2022-03-01 00:00:00', '2022-03-06 00:00:00', 64 , 701.03, 9, 'AB001110', 'AA011510'),
	(17,'2022-02-15 00:00:00', '2022-02-20 00:00:00', 127, 1221.48, 10, 'AB001018', 'AA081001'),
	(18,'2022-06-01 00:00:00', '2022-06-06 00:00:00', 64 , 674.54, 1, 'AB014010', 'AA062003'),	
	(19,'2022-08-01 00:00:00', '2022-08-06 00:00:00', 64 , 778.27, 1, 'AB041100', 'AA062003'),
	(20,'2022-09-01 00:00:00', '2022-09-06 00:00:00', 64 , 734, 5, 'AA900120', 'AB010011');
	
INSERT INTO event VALUES
	(1, '2022-07-05 00:00:00', '2022-07-06 00:00:00', 'ev_descr_01_1'),
	(2, '2022-09-16 00:00:00', '2022-09-17 00:00:00', 'ev_descr_02_1'),
	(2, '2022-09-21 00:00:00', '2022-09-22 00:00:00', 'ev_descr_02_2'),
	(3, '2022-12-23 00:00:00', '2022-12-24 00:00:00', 'ev_descr_03_1'),
	(4, '2022-04-11 00:00:00', '2022-04-12 00:00:00', 'ev_descr_04_1'),
	(5, '2022-08-16 00:00:00', '2022-08-17 00:00:00', 'ev_descr_05_1'),
	(5, '2022-08-21 00:00:00', '2022-08-22 00:00:00', 'ev_descr_05_2'),
	(6, '2022-10-02 00:00:00', '2022-10-03 00:00:00', 'ev_descr_06_1'),	
	(6, '2022-10-06 00:00:00', '2022-10-07 00:00:00', 'ev_descr_06_2'),
	(6, '2022-10-11 00:00:00', '2022-10-12 00:00:00', 'ev_descr_06_3'),
	(7, '2022-05-06 00:00:00', '2022-05-07 00:00:00', 'ev_descr_07_1'),
	(8, '2022-07-16 00:00:00', '2022-07-17 00:00:00', 'ev_descr_08_1'),
	(9, '2022-12-28 00:00:00', '2022-12-29 00:00:00', 'ev_descr_09_1'),
	(10,'2022-08-02 00:00:00', '2022-08-03 00:00:00', 'ev_descr_10_1'),
	(11,'2022-08-02 00:00:00', '2022-08-03 00:00:00', 'ev_descr_11_1'),
	(12,'2022-06-02 00:00:00', '2022-06-03 00:00:00', 'ev_descr_12_1'),
	(13,'2022-09-02 00:00:00', '2022-09-03 00:00:00', 'ev_descr_13_1'),
	(13,'2022-09-04 00:00:00', '2022-09-05 00:00:00', 'ev_descr_13_2'),
	(14,'2022-02-01 00:00:00', '2022-02-02 00:00:00', 'ev_descr_14_1'),
	(15,'2022-03-11 00:00:00', '2022-03-12 00:00:00', 'ev_descr_15_1'),
	(16,'2022-03-02 00:00:00', '2022-03-03 00:00:00', 'ev_descr_16_1'),
	(17,'2022-02-16 00:00:00', '2022-02-17 00:00:00', 'ev_descr_17_1'),
	(17,'2022-02-18 00:00:00', '2022-02-19 00:00:00', 'ev_descr_17_2'),
	(18,'2022-06-02 00:00:00', '2022-06-03 00:00:00', 'ev_descr_18_1'),
	(19,'2022-08-02 00:00:00', '2022-08-03 00:00:00', 'ev_descr_19_1'),
	(20,'2022-09-02 00:00:00', '2022-09-03 00:00:00', 'ev_descr_20_1');
	
INSERT INTO destination VALUES
	(1, 'Greece', 'dst_descr_GREECE', 'LOCAL', 'Greek', NULL),
	(2, 'Germany', 'dst_descr_GERMANY', 'ABROAD', 'German', NULL),
	(3, 'Italy', 'dst_descr_ITALY', 'ABROAD', 'Italian', NULL),
	(4, 'France', 'dst_descr_FRANCE', 'ABROAD', 'French', NULL),
	(5, 'United Kingdom', 'dst_descr_UK', 'ABROAD', 'English', NULL),
	(6, 'Athens', 'dst_descr_ATHENS', 'LOCAL', 'Greek', 1),
	(7, 'Thessaloniki', 'dst_descr_THESSALONIKI', 'LOCAL', 'Greek', 1),
	(8, 'Rome', 'dst_descr_ROME', 'ABROAD', 'Italian', 3),
	(9, 'Paris', 'dst_descr_PARIS', 'ABROAD', 'French', 4),
	(10, 'London', 'dest_descr_LONDON', 'ABROAD', 'English', 5),
	(11, 'Rhodes', 'dest_descr_RHODES', 'LOCAL', 'Greek', 1),
	(12, 'Santorini', 'dest_descr_SANTORINI', 'LOCAL', 'Greek', 1),
	(13, 'Crete', 'dest_descr_CRETE', 'LOCAL', 'Greek', 1),
	(14, 'Berlin', 'dest_descr_BERLIN', 'ABROAD', 'German', 2),
	(15, 'Munich', 'dest_descr_MUNICH', 'ABROAD', 'German', 2);
	
INSERT INTO travel_to VALUES
	(1, 8, '2022-07-04 00:00:00', '2022-07-09 00:00:00'),
	(2, 9, '2022-09-15 00:00:00', '2022-09-20 00:00:00'),
	(2, 10, '2022-09-20 00:00:00', '2022-09-25 00:00:00'),
	(3, 10, '2022-12-22 00:00:00', '2022-12-27 00:00:00'),
	(4, 10, '2022-04-10 00:00:00', '2022-04-15 00:00:00'),
	(5, 11, '2022-08-15 00:00:00', '2022-08-20 00:00:00'),
	(5, 12, '2022-08-20 00:00:00', '2022-08-25 00:00:00'),
	(5, 13, '2022-08-25 00:00:00', '2022-08-30 00:00:00'),
	(6, 6, '2022-10-01 00:00:00', '2022-10-05 00:00:00'),
	(6, 10, '2022-10-05 00:00:00', '2022-10-10 00:00:00'),
	(6, 14, '2022-10-10 00:00:00', '2022-10-15 00:00:00'),
	(7, 15, '2022-05-05 00:00:00', '2022-05-10 00:00:00'),
	(8, 8, '2022-07-15 00:00:00', '2022-07-20 00:00:00'),
	(8, 10, '2022-07-20 00:00:00', '2022-07-25 00:00:00'),
	(9, 9, '2022-12-28 00:00:00', '2023-01-02 00:00:00'),
	(10, 12, '2022-08-01 00:00:00', '2022-08-06 00:00:00'),
	(11, 8, '2022-08-01 00:00:00', '2022-08-06 00:00:00'),
	(12, 12,'2022-06-01 00:00:00', '2022-06-06 00:00:00'),
	(13, 9, '2022-09-01 00:00:00', '2022-09-06 00:00:00'),
	(14, 10, '2022-02-01 00:00:00', '2022-02-06 00:00:00'),
	(15, 6, '2022-03-10 00:00:00', '2022-03-15 00:00:00'),
	(15, 7, '2022-03-15 00:00:00', '2022-03-20 00:00:00'),
	(16, 6, '2022-03-01 00:00:00', '2022-03-06 00:00:00'),
	(17, 10, '2022-02-15 00:00:00', '2022-02-20 00:00:00'),
	(18, 11, '2022-06-01 00:00:00', '2022-06-06 00:00:00'),
	(19, 13, '2022-08-01 00:00:00', '2022-08-06 00:00:00'),
	(20, 6, '2022-09-01 00:00:00', '2022-09-06 00:00:00');
	
INSERT INTO reservation VALUES
	(2,  38, 'Theodoros', 'Dimoglis', 'ADULT'),
	(3, 21, 'Dionysios', 'Vlachos', 'ADULT'),
	(3, 64, 'Alexandra', 'Papathanasiou', 'ADULT'),
	(4, 24, 'Eleni', 'Mitsou', 'ADULT'),
	(4, 25, 'Aggelos', 'Pantazis', 'ADULT'),
	(4, 26, 'Pavlos', 'Pantazis', 'MINOR'),
	(7, 24, 'Lydia', 'Oikonomou', 'MINOR'),
	(7, 64, 'Asimina', 'Vasilena', 'MINOR'),
	(8, 32, 'Andreas', 'Gkinis', 'ADULT'),
	(8, 29, 'Petros', 'Sideris', 'ADULT'),
	(10, 46, 'Agapi', 'Moustaka', 'ADULT'),
	(13, 18, 'Alkiviadis', 'Papathemistokleous', 'ADULT'),
	(13, 19, 'Kassiani', 'Papathemistokleous', 'MINOR'),
	(14, 19, 'Iakovos', 'Varelas', 'ADULT'),
	(15, 44, 'Ioannis', 'Mourtzoukos', 'ADULT'),
	(16, 61, 'Mattheos', 'Georgiou', 'MINOR'),
	(16, 62, 'Aliki', 'Koufi', 'MINOR'),
	(19, 18, 'Filippos', 'Dedes', 'ADULT'),
	(19, 46, 'Thomas', 'Fournaris', 'ADULT'),
	(20, 4,  'Odysseas', 'Karonis', 'ADULT');
	
INSERT INTO it_worker VALUES
	('AA105001', 'damien', DEFAULT, '2020-02-01 00:00:00', NULL),
	('AA128010', 'aris', '1821', '2019-08-17 00:00:00', NULL),
	('AA101017', 'pasxalis', '123456', '2017-05-09 00:00:00' , NULL),
	('AA121120', 'kardatos', DEFAULT, '2021-03-03 00:00:00', NULL),
	('AA101101', 'stelios', '123456789', '2013-09-04 00:00:00' , NULL),
	('AA101180', 'leo', 'qwerty', '2018-05-05 00:00:00', NULL),
	('AA501211', 'tolis', DEFAULT, '2021-05-18 00:00:00', NULL),
	('AA110000', 'telis', '11111', '2019-01-19 00:00:00', NULL),
	('AA810001', 'chara', '00000', '2016-12-23 00:00:00', NULL),
	('AA120510', 'sarris', DEFAULT, '2020-07-05 00:00:00', NULL),
	('AA116018', 'steve', DEFAULT, '2020-09-23 00:00:00', NULL),
	('AA150100', 'stratos', 'abc123', '2020-11-03 00:00:00', NULL),
	('AA110121', 'mario', '1997', '2020-10-07 00:00:00', NULL),
	('AA110510', 'xenia', DEFAULT, '2021-04-17 00:00:00', NULL),
	('AA210511', 'magda', 'drowssap', '2014-07-09 00:00:00', '2020-07-10 00:00:00');
	
INSERT INTO offer VALUES
	(1, 11, '2022-06-01 00:00:00', '2022-08-28 00:00:00', 500.50),
	(2, 12, '2022-01-01 00:00:00', '2022-12-31 00:00:00', 550.14),
	(3, 13, '2022-05-01 00:00:00', '2022-09-01 00:00:00', 512.89);
